{"iteration": 0, "params": {"ParametricEQ": {"low_shelf_gain_db": [10.044017791748047], "low_shelf_cutoff_freq": [1186.2498779296875], "low_shelf_q_factor": [4.031747817993164], "band0_gain_db": [8.067367553710938], "band0_cutoff_freq": [552.0857543945312], "band0_q_factor": [5.142186164855957], "band1_gain_db": [2.5656089782714844], "band1_cutoff_freq": [4217.0478515625], "band1_q_factor": [3.12618350982666], "band2_gain_db": [0.28726768493652344], "band2_cutoff_freq": [10397.103515625], "band2_q_factor": [1.254616141319275], "band3_gain_db": [1.7115592956542969], "band3_cutoff_freq": [20130.626953125], "band3_q_factor": [3.4830963611602783], "high_shelf_gain_db": [7.446043014526367], "high_shelf_cutoff_freq": [19076.36328125], "high_shelf_q_factor": [3.3878049850463867]}}}
{"iteration": 50, "params": {"ParametricEQ": {"low_shelf_gain_db": [11.262393951416016], "low_shelf_cutoff_freq": [1006.5620727539062], "low_shelf_q_factor": [3.9220945835113525], "band0_gain_db": [10.488470077514648], "band0_cutoff_freq": [528.6782836914062], "band0_q_factor": [5.323338985443115], "band1_gain_db": [6.841028213500977], "band1_cutoff_freq": [4696.8212890625], "band1_q_factor": [2.35597562789917], "band2_gain_db": [-4.719953536987305], "band2_cutoff_freq": [10769.58984375], "band2_q_factor": [1.6706818342208862], "band3_gain_db": [-1.79400634765625], "band3_cutoff_freq": [20245.802734375], "band3_q_factor": [3.6914315223693848], "high_shelf_gain_db": [8.617919921875], "high_shelf_cutoff_freq": [19465.21484375], "high_shelf_q_factor": [3.938807964324951]}}}
{"iteration": 100, "params": {"ParametricEQ": {"low_shelf_gain_db": [9.365486145019531], "low_shelf_cutoff_freq": [1002.9652709960938], "low_shelf_q_factor": [3.8113107681274414], "band0_gain_db": [9.421236038208008], "band0_cutoff_freq": [533.0478515625], "band0_q_factor": [5.541072368621826], "band1_gain_db": [10.371086120605469], "band1_cutoff_freq": [5307.9677734375], "band1_q_factor": [1.4118365049362183], "band2_gain_db": [-9.284616470336914], "band2_cutoff_freq": [10699.798828125], "band2_q_factor": [2.3669981956481934], "band3_gain_db": [-3.7636775970458984], "band3_cutoff_freq": [19940.22265625], "band3_q_factor": [3.178006649017334], "high_shelf_gain_db": [9.82733154296875], "high_shelf_cutoff_freq": [19515.1328125], "high_shelf_q_factor": [4.192533016204834]}}}
{"iteration": 150, "params": {"ParametricEQ": {"low_shelf_gain_db": [6.118045806884766], "low_shelf_cutoff_freq": [1090.9141845703125], "low_shelf_q_factor": [3.5482490062713623], "band0_gain_db": [8.092279434204102], "band0_cutoff_freq": [514.260986328125], "band0_q_factor": [5.65614652633667], "band1_gain_db": [14.147628784179688], "band1_cutoff_freq": [6253.20751953125], "band1_q_factor": [1.1319435834884644], "band2_gain_db": [-12.171331405639648], "band2_cutoff_freq": [10638.23828125], "band2_q_factor": [2.5035200119018555], "band3_gain_db": [-9.281907081604004], "band3_cutoff_freq": [18801.52734375], "band3_q_factor": [1.9801419973373413], "high_shelf_gain_db": [12.374412536621094], "high_shelf_cutoff_freq": [19319.390625], "high_shelf_q_factor": [4.446537494659424]}}}
{"iteration": 200, "params": {"ParametricEQ": {"low_shelf_gain_db": [-0.24158859252929688], "low_shelf_cutoff_freq": [1206.087158203125], "low_shelf_q_factor": [3.2949137687683105], "band0_gain_db": [5.082248687744141], "band0_cutoff_freq": [511.52099609375], "band0_q_factor": [5.730118751525879], "band1_gain_db": [16.092514038085938], "band1_cutoff_freq": [6413.13671875], "band1_q_factor": [1.0311424732208252], "band2_gain_db": [-13.55447769165039], "band2_cutoff_freq": [10689.9384765625], "band2_q_factor": [2.4678969383239746], "band3_gain_db": [-12.084447860717773], "band3_cutoff_freq": [18406.125], "band3_q_factor": [1.8255016803741455], "high_shelf_gain_db": [12.867256164550781], "high_shelf_cutoff_freq": [19376.83203125], "high_shelf_q_factor": [4.5644354820251465]}}}
{"iteration": 250, "params": {"ParametricEQ": {"low_shelf_gain_db": [-4.115372657775879], "low_shelf_cutoff_freq": [1254.93115234375], "low_shelf_q_factor": [2.986374855041504], "band0_gain_db": [2.6763839721679688], "band0_cutoff_freq": [508.50262451171875], "band0_q_factor": [5.763199806213379], "band1_gain_db": [17.04065704345703], "band1_cutoff_freq": [6457.3447265625], "band1_q_factor": [0.965099573135376], "band2_gain_db": [-14.263949394226074], "band2_cutoff_freq": [10648.9755859375], "band2_q_factor": [2.3628900051116943], "band3_gain_db": [-12.098535537719727], "band3_cutoff_freq": [18420.29296875], "band3_q_factor": [1.9380673170089722], "high_shelf_gain_db": [12.952507019042969], "high_shelf_cutoff_freq": [19401.41796875], "high_shelf_q_factor": [4.557857513427734]}}}
{"iteration": 300, "params": {"ParametricEQ": {"low_shelf_gain_db": [-6.3436126708984375], "low_shelf_cutoff_freq": [1307.895263671875], "low_shelf_q_factor": [2.068148374557495], "band0_gain_db": [1.5749397277832031], "band0_cutoff_freq": [510.6546936035156], "band0_q_factor": [5.773367881774902], "band1_gain_db": [17.591079711914062], "band1_cutoff_freq": [6495.712890625], "band1_q_factor": [0.9182693958282471], "band2_gain_db": [-14.61080265045166], "band2_cutoff_freq": [10713.9931640625], "band2_q_factor": [2.2637267112731934], "band3_gain_db": [-12.33561897277832], "band3_cutoff_freq": [18361.263671875], "band3_q_factor": [1.8558768033981323], "high_shelf_gain_db": [13.165546417236328], "high_shelf_cutoff_freq": [19407.75390625], "high_shelf_q_factor": [4.549228191375732]}}}
{"iteration": 350, "params": {"ParametricEQ": {"low_shelf_gain_db": [-8.75865364074707], "low_shelf_cutoff_freq": [1304.7440185546875], "low_shelf_q_factor": [1.0984364748001099], "band0_gain_db": [1.170928955078125], "band0_cutoff_freq": [511.4580993652344], "band0_q_factor": [5.778153896331787], "band1_gain_db": [17.991565704345703], "band1_cutoff_freq": [6517.3671875], "band1_q_factor": [0.9693663716316223], "band2_gain_db": [-14.708988189697266], "band2_cutoff_freq": [10684.02734375], "band2_q_factor": [2.0977914333343506], "band3_gain_db": [-12.625661849975586], "band3_cutoff_freq": [18045.6953125], "band3_q_factor": [1.8217214345932007], "high_shelf_gain_db": [13.61831283569336], "high_shelf_cutoff_freq": [19367.921875], "high_shelf_q_factor": [4.548956394195557]}}}
{"iteration": 400, "params": {"ParametricEQ": {"low_shelf_gain_db": [-11.888689041137695], "low_shelf_cutoff_freq": [1288.0164794921875], "low_shelf_q_factor": [0.6740612983703613], "band0_gain_db": [2.130525588989258], "band0_cutoff_freq": [513.5068359375], "band0_q_factor": [5.77971887588501], "band1_gain_db": [18.387901306152344], "band1_cutoff_freq": [6424.09765625], "band1_q_factor": [0.7507463693618774], "band2_gain_db": [-14.416807174682617], "band2_cutoff_freq": [10609.0712890625], "band2_q_factor": [1.980010986328125], "band3_gain_db": [-13.037652015686035], "band3_cutoff_freq": [17416.431640625], "band3_q_factor": [2.583294153213501], "high_shelf_gain_db": [13.974102020263672], "high_shelf_cutoff_freq": [19438.6484375], "high_shelf_q_factor": [4.595515727996826]}}}
{"iteration": 450, "params": {"ParametricEQ": {"low_shelf_gain_db": [-14.113663673400879], "low_shelf_cutoff_freq": [1243.2259521484375], "low_shelf_q_factor": [0.596492350101471], "band0_gain_db": [2.993337631225586], "band0_cutoff_freq": [515.9981689453125], "band0_q_factor": [5.781641483306885], "band1_gain_db": [18.664653778076172], "band1_cutoff_freq": [6302.97216796875], "band1_q_factor": [0.7934161424636841], "band2_gain_db": [-14.474508285522461], "band2_cutoff_freq": [10689.5556640625], "band2_q_factor": [1.7438304424285889], "band3_gain_db": [-15.077241897583008], "band3_cutoff_freq": [17242.7109375], "band3_q_factor": [3.552208423614502], "high_shelf_gain_db": [13.907989501953125], "high_shelf_cutoff_freq": [19613.77734375], "high_shelf_q_factor": [4.656219959259033]}}}
{"iteration": 500, "params": {"ParametricEQ": {"low_shelf_gain_db": [-15.660126686096191],