{"iteration": 0, "params": {"NoiseShapedReverb": {"band0_gain": [0.5024999380111694], "band1_gain": [0.4975000023841858], "band2_gain": [0.49750006198883057], "band3_gain": [0.5024998784065247], "band4_gain": [0.49750012159347534], "band5_gain": [0.5024999976158142], "band6_gain": [0.4975000023841858], "band7_gain": [0.5024999976158142], "band8_gain": [0.4975000023841858], "band9_gain": [0.5024999976158142], "band10_gain": [0.5024999976158142], "band11_gain": [0.5024991035461426], "band0_decay": [0.49750006198883057], "band1_decay": [0.5024999380111694], "band2_decay": [0.5024999380111694], "band3_decay": [0.4975000023841858], "band4_decay": [0.5024999976158142], "band5_decay": [0.4975000023841858], "band6_decay": [0.5024999976158142], "band7_decay": [0.4975000023841858], "band8_decay": [0.5024999976158142], "band9_decay": [0.49750006198883057], "band10_decay": [0.4975000023841858], "band11_decay": [0.49750006198883057], "mix": [0.5024999976158142]}}}
{"iteration": 100, "params": {"NoiseShapedReverb": {"band0_gain": [0.4411299228668213], "band1_gain": [0.4279780983924866], "band2_gain": [0.3479625880718231], "band3_gain": [0.48960259556770325], "band4_gain": [0.6152215003967285], "band5_gain": [0.6868977546691895], "band6_gain": [0.29652249813079834], "band7_gain": [0.4470989406108856], "band8_gain": [0.28670796751976013], "band9_gain": [0.6580610275268555], "band10_gain": [0.6358597874641418], "band11_gain": [0.613688588142395], "band0_decay": [0.5184714794158936], "band1_decay": [0.5915638208389282], "band2_decay": [0.6348796486854553], "band3_decay": [0.48605361580848694], "band4_decay": [0.5454327464103699], "band5_decay": [0.3115943670272827], "band6_decay": [0.6684565544128418], "band7_decay": [0.3839915990829468], "band8_decay": [0.6563180685043335], "band9_decay": [0.6005578637123108], "band10_decay": [0.49536481499671936], "band11_decay": [0.45288383960723877], "mix": [0.6055823564529419]}}}
{"iteration": 200, "params": {"NoiseShapedReverb": {"band0_gain": [0.33831608295440674], "band1_gain": [0.2848462760448456], "band2_gain": [0.22964634001255035], "band3_gain": [0.3206859529018402], "band4_gain": [0.636864960193634], "band5_gain": [0.8047466278076172], "band6_gain": [0.19128240644931793], "band7_gain": [0.2389143854379654], "band8_gain": [0.1736244410276413], "band9_gain": [0.7587669491767883], "band10_gain": [0.6652572154998779], "band11_gain": [0.6685824990272522], "band0_decay": [0.5725288391113281], "band1_decay": [0.6721433401107788], "band2_decay": [0.7071065902709961], "band3_decay": [0.5908164978027344], "band4_decay": [0.6378815770149231], "band5_decay": [0.19134649634361267], "band6_decay": [0.7337089776992798], "band7_decay": [0.4471164643764496], "band8_decay": [0.7396280169487], "band9_decay": [0.6825670003890991], "band10_decay": [0.5200871229171753], "band11_decay": [0.4795738458633423], "mix": [0.6578866839408875]}}}
{"iteration": 300, "params": {"NoiseShapedReverb": {"band0_gain": [0.23608842492103577], "band1_gain": [0.1627253293991089], "band2_gain": [0.1333225667476654], "band3_gain": [0.21753095090389252], "band4_gain": [0.6351785063743591], "band5_gain": [0.846514880657196], "band6_gain": [0.1509931981563568], "band7_gain": [0.13958077132701874], "band8_gain": [0.10087323933839798], "band9_gain": [0.8003806471824646], "band10_gain": [0.6604133248329163], "band11_gain": [0.6701670289039612], "band0_decay": [0.638252317905426], "band1_decay": [0.7552614808082581], "band2_decay": [0.7699291110038757], "band3_decay": [0.6743531823158264], "band4_decay": [0.7245718836784363], "band5_decay": [0.19768433272838593], "band6_decay": [0.7632882595062256], "band7_decay": [0.501805305480957], "band8_decay": [0.7821507453918457], "band9_decay": [0.7086615562438965], "band10_decay": [0.5520524382591248], "band11_decay": [0.5456682443618774], "mix": [0.7012324333190918]}}}
{"iteration": 400, "params": {"NoiseShapedReverb": {"band0_gain": [0.12767751514911652], "band1_gain": [0.08842527866363525], "band2_gain": [0.08339448273181915], "band3_gain": [0.1413416713476181], "band4_gain": [0.6200347542762756], "band5_gain": [0.8846614956855774], "band6_gain": [0.11036986857652664], "band7_gain": [0.09138955175876617], "band8_gain": [0.06717883050441742], "band9_gain": [0.8319649696350098], "band10_gain": [0.6190831661224365], "band11_gain": [0.6764958500862122], "band0_decay": [0.711864709854126], "band1_decay": [0.8086761832237244], "band2_decay": [0.8190925121307373], "band3_decay": [0.7222945690155029], "band4_decay": [0.7941116690635681], "band5_decay": [0.2188391089439392], "band6_decay": [0.7858353853225708], "band7_decay": [0.49535199999809265], "band8_decay": [0.8036994338035583], "band9_decay": [0.7117561101913452], "band10_decay": [0.5456687808036804], "band11_decay": [0.6002628803253174], "mix": [0.763695240020752]}}}
{"iteration": 500, "params": {"NoiseShapedReverb": {"band0_gain": [0.08526484668254852], "band1_gain": [0.06309901922941208], "band2_gain": [0.053545884788036346], "band3_gain": [0.10805659741163254], "band4_gain": [0.6040475368499756], "band5_gain": [0.9160874485969543], "band6_gain": [0.09446905553340912], "band7_gain": [0.06187146157026291], "band8_gain": [0.04445533826947212], "band9_gain": [0.8367590308189392], "band10_gain": [0.5609966516494751], "band11_gain": [0.6592423915863037], "band0_decay": [0.7519609332084656], "band1_decay": [0.8332279324531555], "band2_decay": [0.8467887043952942], "band3_decay": [0.7469539046287537], "band4_decay": [0.8370776772499084], "band5_decay": [0.2433188408613205], "band6_decay": [0.7941999435424805], "band7_decay": [0.5256516933441162], "band8_decay": [0.8242114186286926], "band9_decay": [0.7579917907714844], "band10_decay": [0.5495618581771851], "band11_decay": [0.6198636293411255], "mix": [0.8267605900764465]}}}
{"iteration": 600, "params": {"NoiseShapedReverb": {"band0_gain": [0.057211678475141525], "band1_gain": [0.04510248824954033], "band2_gain": [0.037889715284109116], "band3_gain": [0.07335423678159714], "band4_gain": [0.5993536114692688], "band5_gain": [0.937325656414032], "band6_gain": [0.0821433812379837], "band7_gain": [0.039584290236234665], "band8_gain": [0.025827640667557716], "band9_gain": [0.8313809633255005], "band10_gain": [0.5176995992660522], "band11_gain": [0.6255689263343811], "band0_decay": [0.7774748802185059], "band1_decay": [0.8499822020530701], "band2_decay": [0.8643354177474976], "band3_decay": [0.7643458843231201], "band4_decay": [0.8710732460021973], "band5_decay": [0.26049837470054626], "band6_decay": [0.7978968620300293], "band7_decay": [0.524512529373169], "band8_decay": [0.8456043004989624], "band9_decay": [0.7973114848136902], "band10_decay": [0.544446587562561], "band11_decay": [0.6443237662315369], "mix": [0.8564291000366211]}}}
{"iteration": 650, "params": {"NoiseShapedReverb": {"band0_gain": [0.04986872896552086], "band1_gain": [0.03540370985865593], "band2_gain": [0.03251880034804344], "band3_gain": [0.06420593708753586], "band4_gain": [0.5822779536247253], "band5_gain": [0.9448202252388], "band6_gain": [0.08082432299852371], "band7_gain": [0.03468295931816101], "band8_gain": [0.020790666341781616], "band9_gain": [0.8194683790206909], "band10_gain": [0.49744364619255066], "band11_gain": [0.6221174597740173], "band0_decay": [0.7868014574050903], "band1_decay": [0.8615696430206299], "band2_decay": [0.867311954498291], "band3_decay": [0.7673898935317993], "band4_decay": [0.8841845393180847], "band5_decay": [0.26931706070899963], "band6_decay": [0.7988823056221008], "band7_decay": [0.5133758783340454], "band8_decay": [0.8508169651031494], "band9_decay": [0.7976482510566711], "band10_decay": [0.5455070734024048], "band11_decay": [0.6760376691818237], "mix": [0.8737191557884216]}}}
